企業名	コード	URL
Institution for aGlobal Society	4265	/company/2021/i-globalsociety.html
セキュア	4264	/company/2021/secureinc.html
アジアクエスト	4261	/company/2021/asia-quest.html
長栄	2993	/company/2021/choei.html
CS-C	9258	/company/2021/cs-c.html
サスメド	4263	/company/2021/susmed.html
エフ・コード	9211	/company/2021/f-code.html
タカヨシ	9259	/company/2021/takayoshi.html
ニフティライフスタイル	4262	/company/2021/niftylifestyle.html
Green EarthInstitute	9212	/company/2021/gei.html
エクサウィザーズ	4259	/company/2021/exawizards.html
ZEALS	9255	/company/2021/zeals.html
三和油化工業	4125	/company/2021/sanwayuka.html
ハイブリッドテクノロジーズ	4260	/company/2021/hybrid-technologies.html
クルーバー	7134	/company/2021/croooober.html
網屋	4258	/company/2021/amiya.html
サクシード	9256	/company/2021/succeed.html
リニューアブル・ジャパン	9522	/company/2021/rn-j.html
Finatextホールディングス	4419	/company/2021/finatext.html
THECOO	4255	/company/2021/thecoo.html
サインド	4256	/company/2021/cynd.html
ラバブルマーケティンググループ	9254	/company/2021/lmg.html
ライフドリンクカンパニー	2585	/company/2021/ld-company.html
湖北工業	6524	/company/2021/kohokukogyo.html
YCPホールディングス（グローバル）リミテッド	グローバル	/company/2021/ycp.html
グローバルセキュリティエキスパート	4417	/company/2021/gsx.html
JDSC	4418	/company/2021/jdsc.html
HYUGAPRIMARY CARE	7133	/company/2021/hyuga-primary.html
True Data	4416	/company/2021/truedata.html
ブロードエンタープライズ	4415	/company/2021/broad-e.html
ネットプロテクションズホールディングス	7383	/company/2021/netprotections.html
フレクト	4414	/company/2021/flect.html
のむら産業	7131	/company/2021/nomurasangyo.html
ボードルア	4413	/company/2021/baudroie.html
スローガン	9253	/company/2021/slogan.html
ラストワンマイル	9252	/company/2021/lomgrp.html
サイエンスアーツ	4412	/company/2021/buddycom.html
AB&Company	9251	/company/2021/ab-company.html
GRCS	9250	/company/2021/grcs.html
日本調理機	2961	/company/2021/nitcho.html
Photosynth	4379	/company/2021/photosynth.html
フロンティア	4250	/company/2021/frontier.html
CINC	4378	/company/2021/cinc.html
PHCホールディングス	6523	/company/2021/phchd.html
日本エコシステム	9249	/company/2021/jp-eco.html
ワンキャリア	4377	/company/2021/onecareer.html
アスタリスク	6522	/company/2021/asx.html
セーフィー	4375	/company/2021/safie.html
プロジェクトカンパニー	9246	/company/2021/projectcompany.html
リベロ	9245	/company/2021/livero.html
ROBOT PAYMENT	4374	/company/2021/robotpayment.html
デジタリフト	9244	/company/2021/digitalift.html
ジィ・シィ企画	4073	/company/2021/gck.html
レナサイエンス	4889	/company/2021/renascience.html
シンプレクス・ホールディングス	4373	/company/2021/simplex.html
コアコンセプト・テクノロジー	4371	/company/2021/cct.html
ユミルリンク	4372	/company/2021/ymir.html
GeolocationTechnology	4018	/company/2021/geolocation.html
メディア総研	9242	/company/2021/mediasouken.html
モビルス	4370	/company/2021/mobilus.html
ジェイフロンティア	2934	/company/2021/jfrontier.html
タンゴヤ	7126	/company/2021/tangoya.html
シイエヌエス	4076	/company/2021/cns.html
フューチャーリンクネットワーク	9241	/company/2021/futurelink.html
AIメカテック	6227	/company/2021/ai-mech.html
デリバリーコンサルティング	9240	/company/2021/deliv.html
ブレインズテクノロジー	4075	/company/2021/brains-tech.html
サーキュレーション	7379	/company/2021/circu.html
ランドネット	2991	/company/2021/landnet.html
アシロ	7378	/company/2021/asiro.html
ラキール	4074	/company/2021/lakeel.html
コラントッテ	7792	/company/2021/colantotte.html
BCC	7376	/company/2021/e-bcc.html
プラスアルファ・コンサルティング	4071	/company/2021/pa-consul.html
Waqoo	4937	/company/2021/waqoo.html
BlueMeme	4069	/company/2021/bluememe.html
リヴァンプ	4070	/company/2021/revamp.html
オムニ・プラス・システム・リミテッド	7699	/company/2021/omniplussystem.html
コンフィデンス	7374	/company/2021/confidence.html
日本電解	5759	/company/2021/nippon-denkai.html
ステムセル研究所	7096	/company/2021/stemcell.html
HCSホールディングス	4200	/company/2021/hcs-hd.html
アルマード	4932	/company/2021/almado.html
ベイシス	4068	/company/2021/basis-corp.html
セレンディップ・ホールディングス	7318	/company/2021/serendip-c.html
アイ・パートナーズフィナンシャル	7345	/company/2021/aipf.html
アイドマ・ホールディングス	7373	/company/2021/aidma-hd.html
ドリームベッド	7791	/company/2021/dreambed.html
デコルテ・ホールディングス	7372	/company/2021/decollte.html
東海道リート投資法人	2989	/company/2021/toukaidou_reit.html
ペルセウスプロテオミクス	4882	/company/2021/ppmx.html
ペイロール	4489	/company/2021/payroll.html
Enjin	7370	/company/2021/y-enjin.html
全研本社	7371	/company/2021/zenken.html
テンダ	4198	/company/2021/tenda.html
ワンダープラネット	4199	/company/2021/wonderpla.html
メイホーホールディングス	7369	/company/2021/meihoholdings.html
テスホールディングス	5074	/company/2021/tess-hd.html
ディマージシェア	4195	/company/2021/dimage.html
ネオマーケティング	4196	/company/2021/neo-m.html
ステラファーマ	4888	/company/2021/stella-pharma.html
ビジョナル	4194	/company/2021/visional.html
サイバートラスト	4498	/company/2021/cybertrust.html
紀文食品	2933	/company/2021/kibun.html
アイスコ	7698	/company/2021/iceco.html
ファブリカコミュニケーションズ	4193	/company/2021/fabrica.html
表示灯	7368	/company/2021/hyojito.html
セルム	7367	/company/2021/celm.html
オキサイド	6521	/company/2021/oxide.html
Appier Group	4180	/company/2021/appier.html
スパイダープラス	4192	/company/2021/spiderplus.html
ブロードマインド	7343	/company/2021/b-minded.html
イー・ロジット	9327	/company/2021/e-logit.html
ジーネクスト	4179	/company/2021/gnext.html
ベビーカレンダー	7363	/company/2021/baby-calendar.html
Sharing Innovations	4178	/company/2021/sharing-innovations.html
シキノハイテック	6614	/company/2021/shikino.html
ココナラ	4176	/company/2021/coconala.html
T.S.I	7362	/company/2021/t-s-i.html
i-plug	4177	/company/2021/i-plug.html
ウイングアーク1st	4432	/company/2021/wingarc.html
ヒューマンクリエイションホールディングス	7361	/company/2021/hch-ja.html
coly[コリー]	4175	/company/2021/colyinc.html
室町ケミカル	4885	/company/2021/muro-chem.html
アピリッツ	4174	/company/2021/appirits.html
WACUL[ワカル]	4173	/company/2021/wacul.html
アクシージア	4936	/company/2021/axxzia.html
アールプランナー	2983	/company/2021/arrplanner.html
QDレーザ	6613	/company/2021/qdlaser.html
